,id,url
0,m1538075274,https://www.marktplaats.nl/a/sport-en-fitness/fitness/m1538075274-roeitrainer-concept-2-800-00.html
1,m1548156770,https://www.marktplaats.nl/a/sport-en-fitness/roeien/m1548156770-voorste-deel-van-concept-2-model-d.html
2,m1548069420,https://www.marktplaats.nl/a/sport-en-fitness/roeien/m1548069420-concept2-pm2-monitor-aangeboden.html
5,m1547735291,https://www.marktplaats.nl/a/sport-en-fitness/roeien/m1547735291-roeitrainer-concept-2-model-e-met-pm4-display-hoge-model.html
8,m1545867880,https://www.marktplaats.nl/a/sport-en-fitness/fitness/m1545867880-concept-2-roeitrainer.html
11,m1541585571,https://www.marktplaats.nl/a/sport-en-fitness/roeien/m1541585571-onderdelen-concept-2-model-d-roeiapparaat.html
12,m1540475541,https://www.marktplaats.nl/a/sport-en-fitness/roeien/m1540475541-op-zoek-naar-een-concept-2-monitor-pm2.html
13,m1531623075,https://www.marktplaats.nl/a/sport-en-fitness/fitness/m1531623075-concept2-model-e-te-koop.html
14,m1533451741,https://www.marktplaats.nl/a/sport-en-fitness/roeien/m1533451741-concept-2-pm2-pm3-display-computers-defect-rower-roeitrainer.html
